id,category,question,answer_choices,answer,prompt_im,prompt_ex,expected
1,sc,Are the butterfly's wings closer to being open or closed?,(a) Open (b) Closed,(a),generate a butterfly in a natural outdoor setting,generate a butterfly flying in a sunny meadow with wings fully spread
2,sc,Are the butterfly's wings closer to being open or closed?,(a) Open (b) Closed,(b),generate a butterfly in a natural outdoor setting,generate a butterfly resting on a flower with wings folded closed
3,sh,Is the flame of the match more round or thin?,(a) Round (b) Thin,(a),generate a lit match with visible flame,generate a lit match with a large round flame
4,sh,Is the flame of the match more round or thin?,(a) Round (b) Thin,(b),generate a lit match with visible flame,generate a lit match with a narrow elongated flame
5,od,Is the dog facing left or right from the camera's perspective?,(a) Left (b) Right,(a),generate a dog in a sitting position,generate a golden retriever sitting and looking toward the left side
6,od,Is the dog facing left or right from the camera's perspective?,(a) Left (b) Right,(b),generate a dog in a sitting position,generate a golden retriever sitting and looking toward the right side
7,od,Is the school bus driving towards or away from the camera?,(a) Towards the camera (b) Away from the camera,(a),generate a school bus on a road,generate a yellow school bus driving directly toward the viewer on a road
8,od,Is the school bus driving towards or away from the camera?,(a) Towards the camera (b) Away from the camera,(b),generate a school bus on a road,generate a yellow school bus driving away from the viewer showing the back
9,tx,Can you see the key "Z" in the image?,(a) Yes (b) No,(a),generate a computer keyboard,generate a computer keyboard with the Z key clearly visible and highlighted
10,tx,Can you see the key "Z" in the image?,(a) Yes (b) No,(b),generate a computer keyboard,generate a computer keyboard photographed at an angle where the Z key is hidden
11,sc,Has the peacock opened its tail?,(a) Yes (b) No,(a),generate a male peacock,generate a male peacock displaying its magnificent tail feathers in full spread
12,sc,Has the peacock opened its tail?,(a) Yes (b) No,(b),generate a male peacock,generate a male peacock walking with its tail feathers folded down
13,qc,Is the image more likely of a single ear of corn or multiple ears?,(a) Single (b) Multiple,(a),generate corn,generate one fresh ear of corn with green husks on a wooden table
14,qc,Is the image more likely of a single ear of corn or multiple ears?,(a) Single (b) Multiple,(b),generate corn,generate several ears of corn arranged in a basket at a farmers market
15,pr,Is there a shadow on the flower?,(a) Yes (b) No,(a),generate a flower in natural lighting,generate a sunflower with a distinct shadow cast across its petals
16,pr,Is there a shadow on the flower?,(a) Yes (b) No,(b),generate a flower in natural lighting,generate a sunflower in even lighting with no visible shadows
17,sh,Is the front of the school bus protruding?,(a) Yes (b) No,(a),generate a school bus,generate a school bus with a distinctive protruding front nose section
18,sh,Is the front of the school bus protruding?,(a) Yes (b) No,(b),generate a school bus,generate a school bus with a flat front design
19,pf,Can you see the dorsal fin of the animal?,(a) Yes (b) No,(a),generate a marine animal,generate a dolphin jumping out of water with its dorsal fin clearly visible
20,pf,Can you see the dorsal fin of the animal?,(a) Yes (b) No,(b),generate a marine animal,generate a dolphin swimming underwater viewed from below with no dorsal fin visible
21,pf,Is the duck's entire beak visible in the picture?,(a) Yes (b) No,(a),generate a duck,generate a mallard duck swimming with its full beak clearly shown
22,pf,Is the duck's entire beak visible in the picture?,(a) Yes (b) No,(b),generate a duck,generate a duck with its head turned so the beak is partially hidden
23,vp,From which angle is this image taken?,(a) Front (b) Side,(a),generate a car,generate a car photographed directly from the front view
24,vp,From which angle is this image taken?,(a) Front (b) Side,(b),generate a car,generate a car photographed from the side profile view
25,ca,What color is the chicken's body?,(a) Black (b) Red,(a),generate a chicken in a farmyard,generate a black-feathered chicken standing in a farmyard
26,ca,What color is the chicken's body?,(a) Black (b) Red,(b),generate a chicken in a farmyard,generate a red-brown chicken standing in a farmyard
27,pf,Is the peacock's head visible in the image?,(a) Yes (b) No,(a),generate a peacock,generate a peacock with its head clearly visible in the frame
28,pf,Is the peacock's head visible in the image?,(a) Yes (b) No,(b),generate a peacock,generate a peacock photographed from behind with its head out of frame
29,pf,Based on the image, is the following statement correct: We cannot see the window on the school bus?,(a) Correct (b) Incorrect,(a),generate a school bus,generate a school bus photographed from an angle where no windows are visible
30,pf,Based on the image, is the following statement correct: We cannot see the window on the school bus?,(a) Correct (b) Incorrect,(b),generate a school bus,generate a school bus with multiple windows clearly visible on the side
31,sc,Is the wind blowing the flag?,(a) Yes (b) No,(a),generate a flag,generate an American flag waving vigorously in strong wind
32,sc,Is the wind blowing the flag?,(a) Yes (b) No,(b),generate a flag,generate an American flag hanging limp on a windless day
33,pf,Is the butterfly's abdomen visible in the image?,(a) Yes (b) No,(a),generate a butterfly,generate a butterfly on a flower with its body section clearly visible
34,pf,Is the butterfly's abdomen visible in the image?,(a) Yes (b) No,(b),generate a butterfly,generate a butterfly photographed from above with wings covering the body
35,pf,Do the vegetables have spikes?,(a) Yes (b) No,(a),generate vegetables,generate fresh artichokes with their sharp spiky leaves prominently displayed
36,pf,Do the vegetables have spikes?,(a) Yes (b) No,(b),generate vegetables,generate smooth bell peppers arranged on a cutting board
37,ca,What color are the flowers in the background?,(a) Pink (b) Violet,(a),generate a garden scene with flowers in the background,generate a garden scene with pink roses blooming in the background
38,ca,What color are the flowers in the background?,(a) Pink (b) Violet,(b),generate a garden scene with flowers in the background,generate a garden scene with violet lilacs blooming in the background
39,pr,Is the duck floating?,(a) Yes (b) No,(a),generate a duck near water,generate a duck floating peacefully on a calm pond
40,pr,Is the duck floating?,(a) Yes (b) No,(b),generate a duck near water,generate a duck standing on the shore beside a pond
41,qc,Based on the image, is the following statement correct: The spider has 8 legs?,(a) Yes (b) No,(a),generate a spider,generate a detailed close-up of a spider showing all eight legs clearly
42,qc,Based on the image, is the following statement correct: The spider has 8 legs?,(a) Yes (b) No,(b),generate a spider,generate a spider with some legs hidden behind its body or damaged
43,pf,Are the wheels of the school bus visible in the image?,(a) Yes (b) No,(a),generate a school bus,generate a school bus photographed from the side showing its wheels
44,pf,Are the wheels of the school bus visible in the image?,(a) Yes (b) No,(b),generate a school bus,generate a school bus photographed from above where wheels are not visible
45,pf,Is the shark's belly visible in this image?,(a) Yes (b) No,(a),generate a shark,generate a shark swimming upside down showing its white belly
46,pf,Is the shark's belly visible in this image?,(a) Yes (b) No,(b),generate a shark,generate a shark swimming normally with only its top side visible
47,qc,How many spots are on the animal in the image?,(a) 5 (b) 6,(a),generate a spotted animal,generate a leopard with exactly 5 distinct spots clearly visible
48,qc,How many spots are on the animal in the image?,(a) 5 (b) 6,(b),generate a spotted animal,generate a leopard with exactly 6 distinct spots clearly visible
49,pf,Are the arrow keys visible in the image?,(a) Yes (b) No,(a),generate a computer keyboard,generate a computer keyboard with the arrow keys clearly visible
50,pf,Are the arrow keys visible in the image?,(a) Yes (b) No,(b),generate a computer keyboard,generate a computer keyboard photographed from an angle hiding the arrow keys
51,sc,Is the elephant's trunk curled in the picture?,(a) Yes (b) No,(a),generate an elephant,generate an elephant with its trunk curved upward in a curl
52,sc,Is the elephant's trunk curled in the picture?,(a) Yes (b) No,(b),generate an elephant,generate an elephant with its trunk hanging straight down
53,qc,Is the number of pills in the image countable?,(a) Yes (b) No,(a),generate pills,generate a small bottle with about 10-15 pills spilled out for easy counting
54,qc,Is the number of pills in the image countable?,(a) Yes (b) No,(b),generate pills,generate hundreds of pills scattered everywhere making counting impossible
55,pf,Can you see stems of bananas in the image?,(a) Yes (b) No,(a),generate bananas,generate a bunch of bananas with the stems clearly visible at the top
56,pf,Can you see stems of bananas in the image?,(a) Yes (b) No,(b),generate bananas,generate individual peeled bananas with no stems visible
57,pr,Is the crocodile submerged in the water?,(a) Yes (b) No,(a),generate a crocodile near water,generate a crocodile mostly underwater with only eyes and nostrils showing
58,pr,Is the crocodile submerged in the water?,(a) Yes (b) No,(b),generate a crocodile near water,generate a crocodile sunbathing on a riverbank completely out of water
59,sc,Is the lock locked to the chain-linked fence?,(a) Yes (b) No,(a),generate a lock and fence,generate a padlock securely attached and locked to a chain-link fence
60,sc,Is the lock locked to the chain-linked fence?,(a) Yes (b) No,(b),generate a lock and fence,generate an open padlock hanging loose from a chain-link fence
61,tx,Can you see letter "J" in the image?,(a) Yes (b) No,(a),generate a computer keyboard,generate a computer keyboard with the J key prominently visible
62,tx,Can you see letter "J" in the image?,(a) Yes (b) No,(b),generate a computer keyboard,generate a computer keyboard photographed from an angle where J key is obscured
63,pr,Is the following statement correct: In the image, there is one daisy that is under the shadow of a taller daisy.,(a) Correct (b) Incorrect,(a),generate daisies,generate a field of daisies with one small daisy clearly in the shadow of a taller one
64,pr,Is the following statement correct: In the image, there is one daisy that is under the shadow of a taller daisy.,(a) Correct (b) Incorrect,(b),generate daisies,generate a field of daisies all receiving equal sunlight with no shadows
65,tx,Is the following statement correct: There is no letter D on this image.,(a) Correct (b) Incorrect,(a),generate a computer keyboard,generate a computer keyboard photographed so the D key is not visible
66,tx,Is the following statement correct: There is no letter D on this image.,(a) Correct (b) Incorrect,(b),generate a computer keyboard,generate a computer keyboard with the D key clearly visible
67,pf,Are there any clouds?,(a) Yes (b) No,(a),generate a sky,generate a blue sky filled with white fluffy clouds
68,pf,Are there any clouds?,(a) Yes (b) No,(b),generate a sky,generate a completely clear blue sky with no clouds visible
69,sc,Did the snake stick out its tongue and touch its skin?,(a) Yes (b) No,(a),generate a snake,generate a snake with its forked tongue extended and touching its own body
70,sc,Did the snake stick out its tongue and touch its skin?,(a) Yes (b) No,(b),generate a snake,generate a snake with its mouth closed and tongue not visible
71,sc,Is the lock locked or unlocked?,(a) Locked (b) Unlocked,(a),generate a padlock,generate a padlock in the locked position with shackle secured
72,sc,Is the lock locked or unlocked?,(a) Locked (b) Unlocked,(b),generate a padlock,generate a padlock in the open position with shackle released
73,sc,Is the ground wet?,(a) Yes (b) No,(a),generate ground surface,generate a wet pavement with puddles and reflections after rain
74,sc,Is the ground wet?,(a) Yes (b) No,(b),generate ground surface,generate dry ground with dusty soil and no moisture visible
75,vp,Do you see this flower from the top or the side?,(a) Top (b) Side,(a),generate a flower,generate a flower photographed from directly above showing the center
76,vp,Do you see this flower from the top or the side?,(a) Top (b) Side,(b),generate a flower,generate a flower photographed from the side showing the profile view
77,pf,Can you see the caudal fin of the shark in the image?,(a) Yes (b) No,(a),generate a shark,generate a shark swimming with its tail fin prominently visible
78,pf,Can you see the caudal fin of the shark in the image?,(a) Yes (b) No,(b),generate a shark,generate a shark photographed from the front where the tail fin is not visible
79,od,In the image, is the snake's head oriented facing upwards or directed forwards?,(a) Upwards (b) Forward,(a),generate a snake,generate a snake with its head raised and pointed upward
80,od,In the image, is the snake's head oriented facing upwards or directed forwards?,(a) Upwards (b) Forward,(b),generate a snake,generate a snake with its head facing forward horizontally
81,ca,Is this a hammerhead shark?,(a) Yes (b) No,(a),generate a shark,generate a hammerhead shark with its distinctive flattened head shape
82,ca,Is this a hammerhead shark?,(a) Yes (b) No,(b),generate a shark,generate a great white shark with a normal pointed head
83,sc,Is the door of the truck cab open?,(a) Yes (b) No,(a),generate a truck,generate a truck with the driver's door open
84,sc,Is the door of the truck cab open?,(a) Yes (b) No,(b),generate a truck,generate a truck with all doors closed
85,sh,Are the ears of the dog erect or drooping?,(a) Erect (b) Drooping,(a),generate a dog,generate a dog with pointed upright ears like a German Shepherd
86,sh,Are the ears of the dog erect or drooping?,(a) Erect (b) Drooping,(b),generate a dog,generate a dog with floppy drooping ears like a Basset Hound
87,pf,Is there a hand using the mouse in the image?,(a) Yes (b) No,(a),generate a computer mouse,generate a computer mouse being actively used by a hand
88,pf,Is there a hand using the mouse in the image?,(a) Yes (b) No,(b),generate a computer mouse,generate a computer mouse sitting alone on a desk
89,pf,Can you see people in this image?,(a) Yes (b) No,(a),generate a scene,generate a busy street scene with people walking
90,pf,Can you see people in this image?,(a) Yes (b) No,(b),generate a scene,generate an empty landscape with no people visible
91,tx,Are there any words displayed on the vehicle's lightbar?,(a) Yes (b) No,(a),generate a police vehicle,generate a police car with "POLICE" text clearly visible on the lightbar
92,tx,Are there any words displayed on the vehicle's lightbar?,(a) Yes (b) No,(b),generate a police vehicle,generate a police car with a plain lightbar containing no text
93,pf,Is there any accessory on the wrists?,(a) Yes (b) No,(a),generate hands and wrists,generate hands with a watch or bracelet visible on the wrist
94,pf,Is there any accessory on the wrists?,(a) Yes (b) No,(b),generate hands and wrists,generate bare hands and wrists with no jewelry or accessories
95,pr,From the camera's perspective, is the spider web very dense or relatively sparse?,(a) Very dense (b) Relatively sparse,(a),generate a spider web,generate a spider web with many thick intersecting strands creating a dense pattern
96,pr,From the camera's perspective, is the spider web very dense or relatively sparse?,(a) Very dense (b) Relatively sparse,(b),generate a spider web,generate a spider web with few thin strands creating an open sparse pattern
97,pf,Does the keyboard have a backlight?,(a) Yes (b) No,(a),generate a computer keyboard,generate a computer keyboard with illuminated backlit keys glowing
98,pf,Does the keyboard have a backlight?,(a) Yes (b) No,(b),generate a computer keyboard,generate a standard computer keyboard with no lighting
99,sh,Does the elephant have long or short tusks?,(a) Long (b) Short,(a),generate an elephant,generate an elephant with prominently long curved tusks
100,sh,Does the elephant have long or short tusks?,(a) Long (b) Short,(b),generate an elephant,generate an elephant with small short tusks or no visible tusks
101,sc,What is the woman more likely to do?,(a) Bump (b) Set,(a),generate a woman with a volleyball,generate a woman in mid-motion bumping a volleyball upward with her forearms
102,sc,What is the woman more likely to do?,(a) Bump (b) Set,(b),generate a woman with a volleyball,generate a woman positioned to set a volleyball with her hands above her head
103,od,Is the needle pointing up or down?,(a) Up (b) Down,(a),generate a compass or gauge,generate a compass with the needle pointing upward
104,od,Is the needle pointing up or down?,(a) Up (b) Down,(b),generate a compass or gauge,generate a compass with the needle pointing downward
105,vp,Is the camera positioned at eye level or looking down from above?,(a) Eye level (b) Above,(a),generate a subject photographed,generate a subject photographed straight-on at eye level
106,vp,Is the camera positioned at eye level or looking down from above?,(a) Eye level (b) Above,(b),generate a subject photographed,generate a subject photographed from an overhead bird's eye view
107,pf,Are the butterfly's feet visible?,(a) Yes (b) No,(a),generate a butterfly,generate a butterfly perched on a surface with its legs clearly visible
108,pf,Are the butterfly's feet visible?,(a) Yes (b) No,(b),generate a butterfly,generate a butterfly in flight with legs tucked under and not visible
109,sc,Are the bird's wings flapping upward or downward?,(a) Upward (b) Downward,(a),generate a bird in flight,generate a bird with wings in the upward stroke of flight
110,sc,Are the bird's wings flapping upward or downward?,(a) Upward (b) Downward,(b),generate a bird in flight,generate a bird with wings in the downward stroke of flight
111,od,Is the end of the elephant's trunk pointing inward or outward?,(a) Inward (b) Outward,(a),generate an elephant,generate an elephant with its trunk curled inward toward its body
112,od,Is the end of the elephant's trunk pointing inward or outward?,(a) Inward (b) Outward,(b),generate an elephant,generate an elephant with its trunk extended outward away from its body
113,pf,Do you see any window in this image?,(a) Yes (b) No,(a),generate an architectural scene,generate a building facade with windows clearly visible
114,pf,Do you see any window in this image?,(a) Yes (b) No,(b),generate an architectural scene,generate a solid wall or structure with no windows visible
115,od,Is the snail in the picture facing the camera or away from the camera?,(a) Away from the camera (b) Facing the camera ,(a),Generate a snail on the ground with a shell,Generate a snail on the ground with a shell and facing away from the camera
116,od,Is the snail in the picture facing the camera or away from the camera?,(a) Away from the camera (b) Facing the camera ,(b),Generate a snail on the ground with a shell,Generate a snail on the ground with a shell and facing away from the camera
117,qc,How many eyes of the cat can you see in the picture?,(a) 1 (b) 2,(a),Generate a gray and black striped cat looking to the side,Generate a gray and black striped cat looking to the side with only one eye visible
118,qc,How many eyes of the cat can you see in the picture?,(a) 1 (b) 2,(b),Generate a gray and black striped cat looking to the side,Generate a gray and black striped cat looking to the side with both eyes visible
119,qc,"In this image, how many eyes can you see on the animal?",(a) 1 (b) 2,(a),Generate an eagle outside,Generate an eagle outside looking to the side with only one eye visible
120,qc,"In this image, how many eyes can you see on the animal?",(a) 1 (b) 2,(b),Generate an eagle outside,Generate an eagle outside looking towards the camera with both eyes visible
121,ca,Does this corn have white kernels?,(a) Yes (b) No,(a),Generate a corn on the cob,Generate a corn on the cob with white kernels
122,ca,Does this corn have white kernels?,(a) Yes (b) No,(b),Generate a corn on the cob,Generate a corn on the cob with only yellow kernels and no white kernels
123,vp,Is this duck facing left or right from the camera's perspective?,(a) Left (b) Right,(a),Generate a duck outside next to the water,Generate a duck outside next to the water and facing to the left in the camera’s perspective
124,vp,Is this duck facing left or right from the camera's perspective?,(a) Left (b) Right,(b),Generate a duck outside next to the water,Generate a duck outside next to the water and facing to the right in the camera’s perspective
125,pf,Can you see a door in this image?,(a) Yes (b) No,(a),Generate a picture of a movie theater seen from the back of the room,Generate a picture of a movie theater seen from the back of the room and a door visible
126,pf,Can you see a door in this image?,(a) Yes (b) No,(b),Generate a picture of a movie theater seen from the back of the room,Generate a picture of a movie theater seen from the back of the room and no doors visible
127,sc,Is the flower's center protruding or indented?,(a) Protruding (b) Indented,(a),Generate a white flower with a yellow middle outside in the grass,Generate a white flower with a yellow protruding middle outside in the grass
128,sc,Is the flower's center protruding or indented?,(a) Protruding (b) Indented,(b),Generate a white flower with a yellow middle outside in the grass,Generate a white flower with a yellow indented middle outside in the grass
129,od,"From the camera's perspective, are the words ""SCHOOL BUS"" in the picture facing straight or oriented at an angle?",(a) Directly towards the camera (b) At an angle,(a),Generate multiple school busses ordered one after another,Generate multiple school busses ordered one after another with the words “SCHOOL BUS” facing directly towards the camera
130,od,"From the camera's perspective, are the words ""SCHOOL BUS"" in the picture facing straight or oriented at an angle?",(a) Directly towards the camera (b) At an angle,(b),Generate multiple school busses ordered one after another,Generate multiple school busses ordered one after another with the words “SCHOOL BUS” oriented at an angle
131,pr,Where is the yellow animal's head lying in this image?,(a) Floor (b) Carpet,(a),Generate a golden dog laying on the ground with a black dog next to it,Generate a golden dog laying on the ground with its head resting on the floor beside a carpet and a black dog
132,pr,Where is the yellow animal's head lying in this image?,(a) Floor (b) Carpet,(b),Generate a golden dog laying on the ground with a black dog next to it,Generate a golden dog laying on the ground with its head resting on the carpet beside the floor and a black dog
133,tx,What does the center button say?,(a) OK/SELECT (b) OK,(a),Generate a tv remote with arrow buttons and a center button with text,Generate a tv remote with arrow buttons and the word “OK/SELECT” on the center button
134,tx,What does the center button say?,(a) OK/SELECT (b) OK,(b),Generate a tv remote with arrow buttons and a center button with text,Generate a tv remote with arrow buttons and the word “OK” on the center button
135,qc,How many cup(s) of drink are there in the image?,(a) 1 (b) 2,(a),Generate a glass of wine filled halfway,Generate a singular glass of wine filled halfway with no other glasses in the picture
136,qc,How many cup(s) of drink are there in the image?,(a) 1 (b) 2,(b),Generate a glass of wine filled halfway,Generate 2 glasses of wine filled halfway with one blurred in the background
137,sc,"In the picture, how is the snake primarily positioned?",(a) Coiled (b) Head extended,(a),Generate a green snake,Generate a green snake coiled as its primary position 
138,sc,"In the picture, how is the snake primarily positioned?",(a) Coiled (b) Head extended,(b),Generate a green snake.Generate a green snake with its heat extended as its primary position
139,pf,Can you see the side windows of the vehicles?,(a) Yes (b) No,(a),Generate a truck outside on the road,Generate a truck outside on the road with the side windows of the vehicle visible
140,pf,Can you see the side windows of the vehicles?,(a) Yes (b) No,(b),Generate a truck outside on the road,Generate a truck outside on the road with only the windshield of the truck visible and no side windows
141,sc,Is the elephant's trunk raised or lowered?,(a) Raised (b) Lowered,(a),Generate a gray elephant in a grassland,Generate a gray elephant in a grassland with its trunk raised
142,sc,Is the elephant's trunk raised or lowered?,(a) Raised (b) Lowered,(b),Generate a gray elephant in a grassland,Generate a gray elephant in a grassland with its trunk lowered
143,od,Is the ladybug positioned upright or upside down?,(a) Upright (b) Upside down,(a),Generate a ladybug on a branch,Generate a ladybug on a branch positioned upright
144,od,Is the ladybug positioned upright or upside down?,(a) Upright (b) Upside down,(b),Generate a ladybug on a branch,Generate a ladybug on a branch positioned upside down
145,vp,Is the photo taken looking down from above or looking up from below?,(a) Looking down from above (b) Looking up from below,(a),Generate a photo of a half-filled wine glass, Generate a photo of a half-filled wine glass taken from above looking down
146,vp,Is the photo taken looking down from above or looking up from below?,(a) Looking down from above (b) Looking up from below,(b),Generate a photo of a half-filled wine glass, Generate a photo of a half-filled wine glass taken from below looking up
147,pf,"In the picture, is the snake's head visible or not visible?",(a) Visible (b) Not visible,(a),Generate a snake on the desert ground,Generate a snake on the desert ground with its head visible
148,pf,"In the picture, is the snake's head visible or not visible?",(a) Visible (b) Not visible,(b),Generate a snake on the desert ground,Generate a snake on the desert ground with its head not visible
149,pr,Is the piano's back panel on the left or right side?,(a) Left (b) Right,(a),Generate a piano with side viewpoint of the piano keys,Generate a piano with a side viewpoint of the piano keys and the piano back panel on the left
150,pr,Is the piano's back panel on the left or right side?,(a) Left (b) Right,(b),Generate a piano with side viewpoint of the piano keys,Generate a piano with a side viewpoint of the piano keys and the piano back panel on the right
151,vp,The image captures a woman running from:,(a) Back view (b) Side view,(a),A woman running on a path during the sunset, A woman running on a path during the sunset seen from behind
152,vp,The image captures a woman running from:,(a) Back view (b) Side view,(b),A woman running  on a path during the sunset,A woman running on a path during the sunset seen from the side
153,qc,How many red apples are there in the image?,(a) One (b) More than one,(a),Generate a bowl with fruits and vegetables including at least one apple, Generate a single red apple surrounded by other fruits and vegetables
154,qc,,How many red apples are there in the image?,(a) One (b) More than one,(b),Generate a bowl with fruits and vegetables including at least one apple, Generate multiple red apples surrounded by other fruits and vegetables
155,pr,Is the vase beside the bedside table or on the windowsill?,(a) Beside the bedside Table (b) On the Windowsill,(a),Generate a pink children’s bedroom with a vase,Generate a pink children’s bedroom with a vase right next to the bedside table
156,pr,Is the vase beside the bedside table or on the windowsill?,(a) Beside the bedside Table (b) On the Windowsill,(a),Generate a pink children’s bedroom with a vase,Generate a pink children’s bedroom with a vase on the window sill
157,ca,Is the frame at the front of the motorcycle primarily silver or black in color?,(a) Silver (b) Black,(a),Generate a motorcycle with red accents in a white background,Generate a motorcycle with red accents and a primarily silver frame in  a white background,
158,ca,Is the frame at the front of the motorcycle primarily silver or black in color?,(a) Silver (b) Black,(b),Generate a motorcycle with red accents in a white background,Generate a motorcycle with red accents and a primarily black frame in a white background
159,qc,"For the people operating the machine in the image, can you see one arm or both arms?",(a) One arm (b) Both arms,(a),Generate a person operating a machine in a factory,Generate a person operating a machine in a factory with only one arm shown
160,qc,"For the people operating the machine in the image, can you see one arm or both arms?",(a) One arm (b) Both arms,(b),Generate a person operating a machine in a factory,Generate a person operating a machine in a factory with both arms seen
161,pr,Is the minute hand of the clock closer to 12 or closer to 1?,(a) 12 (b) 1 ,(a),Generate a clock on a plate,Generate a clock on a plate with the minute hand of the clock closer to 12
162,pr,Is the minute hand of the clock closer to 12 or closer to 1?,(a) 12 (b) 1 ,(b),Generate a clock on a plate,Generate a clock on a plate with the minute hand of the clock closer to 1
163,pr,Is the Christmas tree positioned in front of a large window or in front of a wall situated between two windows?,(a) In front of a large window (b) In front of a wall between two windows,(a),Generate a decorated christmas tree in a house with presents underneath,Generate a decorated christmas tree in a house in front of a large window with presents underneath 
164,pr,Is the Christmas tree positioned in front of a large window or in front of a wall situated between two windows?,(a) In front of a large window (b) In front of a wall between two windows,(b),Generate a decorated christmas tree in a house with presents underneath,Generate a decorated christmas tree in a house in between two windows with presents underneath 
165,sh,"In this image, are the berries placed",(a) On a dish (b) In bowls of yogurts,(a),Generate berries on a breakfast table,Generate berries on a breakfast table with the berries on a separate dish
166,sh,"In this image, are the berries placed",(a) On a dish (b) In bowls of yogurts,(b),Generate berries on a breakfast table,Generate berries on a breakfast table with the berries on bowls of yogurt
167,sc,Are some fruits cut open or are all the fruits uncut?,(a) Some are cut open (b) All are uncut,(a),Generate a display of fruit in a white background,Generate a display of fruit in a white background with some of the fruit cut open
168,sc,Are some fruits cut open or are all the fruits uncut?,(a) Some are cut open (b) All are uncut,(b),Generate a display of fruit in a white background,Generate a display of fruit in a white background with none of the fruit cut open
169,pf,Is there a knee visible in the image?,(a) Yes (b) No,(a),Generate an elderly couple holding hands and posing for a picture,Generate an elderly couple holding hands and posing for a picture with one of their knees visible
170,pf,Is there a knee visible in the image?,(a) Yes (b) No,(b),Generate an elderly couple holding hands and posing for a picture,Generate an elderly couple holding hands and posing for a picture with no knees in the picture
171,pf,Does the snowman in the picture have a mouth?,(a) Yes (b) No,(a),Generate a traditional snowman,Generate a traditional snowman with a mouth
172,pf,Does the snowman in the picture have a mouth?,(a) Yes (b) No,(b),Generate a traditional snowman,Generate a traditional snowman without a mouth
173,sh,Is the decoration on the Easter egg flat or raised?,(a) Flat (b) Raised,(a),Generate a couple of multicolored and decorated easter eggs,Generate a couple of multicolored and decorated easter eggs with flat and smoothly painted designs
174,sh,Is the decoration on the Easter egg flat or raised?,(a) Flat (b) Raised,(b),Generate a couple of multicolored and decorated easter eggs,Generate a couple of multicolored and decorated easter eggs with raised painted designs
175,ca,"In the image, is the nail polish on the toes dark or light in color?",(a) Dark (b) Light,(a),Generate a person on a weighing scale with their toes painted,Generate a person on a weighing scale with their toes painted a dark color
176,ca,"In the image, is the nail polish on the toes dark or light in color?",(a) Dark (b) Light,(b),Generate a person on a weighing scale with their toes painted,Generate a person on a weighing scale with their toes painted a light color
177,od,"In the picture, is the person facing the ocean or turned sideways to the ocean?",(a) Facing the ocean (b) Turned sideways to the ocean,(a),Generate a family of four on the beach,Generate a family of four on the beach facing towards the ocean
178,od,"In the picture, is the person facing the ocean or turned sideways to the ocean?",(a) Facing the ocean (b) Turned sideways to the ocean,(b),Generate a family of four on the beach,Generate a family of four on the beach turned sideways to the ocean
179,qc,How many wheels can you see in the image?,(a) 1 (b) 2,(a),Generate a black convertible on display,Generate a black convertible on display with only one wheel visible
180,qc,How many wheels can you see in the image?,(a) 1 (b) 2,(b),Generate a black convertible on display,Generate a black convertible on display with 2 wheels visible
181,ca,Is the stripe in the middle of the car blue or white?,(a) Blue (b) White,(a),Generate a car with a stripe in the middle of the car,Generate a car with a blue strip in the middle of the car
182,ca,Is the stripe in the middle of the car blue or white?,(a) Blue (b) White,(b),Generate a car with a stripe in the middle of the car,Generate a car with a white strip in the middle of the car
183,sc,Are the teddy bears holding hands or leaning against each other?,(a) Holding hands (b) Leaning against,(a),Generate two white teddy bears in wedding outfits sitting beside each other,Generate two white teddy bears in wedding outfits sitting beside each other and holding hands
184,sc,Are the teddy bears holding hands or leaning against each other?,(a) Holding hands (b) Leaning against,(b),Generate two white teddy bears in wedding outfits sitting beside each other,Generate two white teddy bears in wedding outfits sitting beside each other and leaning against each other
185,sc,Is the person in the picture already standing on the weighing scale?,(a) Yes (b) No,(a),Generate a person and a weighing scale,Generate a person already standing on a weighing scale
186,sc,Is the person in the picture already standing on the weighing scale?,(a) Yes (b) No,(b),Generate a person and a weighing scale,Generate a person about to stand on a weighing scale
187,qc,"In the picture, is the person stretching out one arm or both arms above their head?",(a) One arm (b) Both arms,(a),Generate a woman in bed stretching,Generate a woman in bed stretching with only one arm visible
188,qc,"In the picture, is the person stretching out one arm or both arms above their head?",(a) One arm (b) Both arms,(b),Generate a woman in bed stretching,Generate a woman in bed stretching with both arms visible
189,sh,Is the person in the picture on the grass or on the gravel path?,(a) Grass (b) Gravel path,(a),Generate a person wearing running shoes and athletic clothes outside,Generate a person wearing running shoes and athletic clothes outside on the grass
190,sh,Is the person in the picture on the grass or on the gravel path?,(a) Grass (b) Gravel path,(b),Generate a person wearing running shoes and athletic clothes outside,Generate a person wearing running shoes and athletic clothes outside on a gravel path
191,pf,Is there a flower next to the Easter egg in the picture?,(a) Yes (b) No,(a),Generate several decorated easter eggs on the ground in the grass,Generate several decorated easter eggs on the ground in the grass with flowers next to them
192,pf,Is there a flower next to the Easter egg in the picture?,(a) Yes (b) No,(b),Generate several decorated easter eggs on the ground in the grass,Generate several decorated easter eggs on the ground in the grass with no flowers next to them
193,sh,Are these vegetables placed on the floor or on the soil?,(a) Floor (b) Soil,(a),Generate several different vegetables gathered together and placed on a surface,Generate several different vegetables gathered together and placed on the floor
194,sh,Are these vegetables placed on the floor or on the soil?,(a) Floor (b) Soil,(b),Generate several different vegetables gathered together and placed on a surface,Generate several different vegetables gathered together and placed outside on the soil
195,pr,Are juice and all carrots on the same surface?,(a) Yes (b) No,(a),Generate carrot juice in a glass and carrots beside the glass,Generate carrot juice in a glass and carrots beside the glass on the same surface
196,pr,Are juice and all carrots on the same surface?,(a) Yes (b) No,(b),Generate carrot juice in a glass and carrots beside the glass,Generate carrot juice in a glass and carrots beside the glass on a different surface
197,sc,Is the person weighing themselves barefoot?,(a) Yes (b) No,(a),Generate a person weighing themselves on a scale in the bathroom,Generate a person weighing themselves barefoot  on a scale in the bathroom 
198,sc,Is the person weighing themselves barefoot?,(a) Yes (b) No,(b),Generate a person weighing themselves on a scale in the bathroom,Generate a person weighing themselves with shoes on a scale in the bathroom 
199,ca,Which type of eggs are in the corner of the picture?,(a) Quail eggs (b) Chicken eggs ,(a),Generate loaves of bread with eggs in the corner of the picture,Generate loaves of bread with quail eggs in the corner of the picture
200,ca,Which type of eggs are in the corner of the picture?,(a) Quail eggs (b) Chicken eggs ,(b),Generate loaves of bread with eggs in the corner of the picture,Generate loaves of bread with chicken eggs in the corner of the picture
201,tx,What are the words in the image:,"(a) ""Happy Easter"" (b) ""Happy Easter!""",(a),Generate a picture with a rabbit in an easter basket that wishes the receiver for easter,Generate a picture with a rabbit in an easter basket that says “Happy Easter”
202,tx,What are the words in the image:,"(a) ""Happy Easter"" (b) ""Happy Easter!""",(b),,Generate a picture with a rabbit in an easter basket that wishes the receiver for easter,Generate a picture with a rabbit in an easter basket that says “Happy Easter!”
203,sc,Are these oranges hanging on the tree?,(a) Yes (b) No,(a),Generate oranges with leaves,Generate oranges with leaves and hanging on a tree
204,sc,Are these oranges hanging on the tree?,(a) Yes (b) No,(b),Generate oranges with leaves,Generate oranges with leaves on the ground and not hanging from a tree
205,sh,Is the coffee cup made of glass?,(a) Yes (b) No,(a),Generate a coffee with a decorative design on top,Generate a coffee with a decorative design on the top in a glass cup 
206,sh,Is the coffee cup made of glass?,(a) Yes (b) No,(b),Generate a coffee with a decorative design on top,Generate a coffee with a decorative design on the top in a non-glass cup
207,ca,Is the bell pepper in the picture red or yellow?,(a) Red (b) Yellow,(a),Generate a bell pepper surrounded by vegetables in a basket,Generate a red bell pepper surrounded by vegetables in a basket
208,ca,Is the bell pepper in the picture red or yellow?,(a) Red (b) Yellow,(b),Generate a bell pepper surrounded by vegetables in a basket,Generate a yellow bell pepper surrounded by vegetables in a basket
209,pf,Is there an orange with leaves next to the cup?,(a) Yes (b) No,(a),Generate a glass of orange juice with a cut orange around it,Generate a glass of orange juice with a cut orange and an orange with leaves around it 
210,pf,Is there an orange with leaves next to the cup?,(a) Yes (b) No,(b),Generate a glass of orange juice with a cut orange around it,Generate a glass of orange juice with a cut orange around it and no orange with leaves
211,pr,Is the heart-shaped object resting on the palm or being held by the fingers?,(a) Palm (b) Fingers,(a),Generate a heart-shaped red object held in a doctor's hands,Generate a heart-shaped red object held in a doctor’s hands and resting on the palm
212,pr,Is the heart-shaped object resting on the palm or being held by the fingers?,(a) Palm (b) Fingers,(b),Generate a heart-shaped red object held in a doctor's hands,Generate a heart-shaped red object held in a doctor’s hands by the fingers
213,pf,Does the snowman have arms made of branches?,(a) Yes (b) No,(a),Generate a traditional snowman in the snow,Generate a traditional snowman with arms made out of branches in the snow 
214,pf,Does the snowman have arms made of branches?,(a) Yes (b) No,(b),Generate a traditional snowman in the snow,Generate a traditional snowman without arms made out of branches in the snow 
215,pf,Are there black stripes on the roof of the car?,(a) Yes (b) No,(a),Generate a green car on a road,Generate a green car on a road with black stripes on the roof of the car
216,pf,Are there black stripes on the roof of the car?,(a) Yes (b) No,(b),Generate a green car on a road,Generate a green car on a road without black stripes on the roof of the car
217,sc,Is the knife laid flat or standing up?,(a) Flat (b) Standing up,(a),Generate a knife on a cutting board surrounded by vegetables,Generate a knife laid flat on a cutting board surrounded by vegetables
218,sc,Is the knife laid flat or standing up?,(a) Flat (b) Standing up,(b),Generate a knife on a cutting board surrounded by vegetables,Generate a knife standing up on a cutting board surrounded by vegetables
219,vp,Is the person in the image running towards or away from the camera?,(a) Towards (b) Away from,(a),Generate a person running,Generate a person running towards the camera
220,vp,Is the person in the image running towards or away from the camera?,(a) Towards (b) Away from,(b),Generate a person running,Generate a person running away the camera
221,vp,"In the photo, is one of the man's hands blocked by the woman?",(a) Yes (b) No,(a),Generate an elderly couple riding around on bikes,Generate an elderly couple riding around on bikes with one of the man’s hands blocked by the woman
222,vp,"In the photo, is one of the man's hands blocked by the woman?",(a) Yes (b) No,(b),Generate an elderly couple riding around on bikes,Generate an elderly couple riding around on bikes neither of the man’s hands blocked by the woman
223,pf,Is there a pomegranate in the picture?,(a) Yes (b) No,(a),Generate multiple glasses filled with different types of fruit juice,Generate multiple glasses filled with different types of fruit juice and a pomegranate visibly next to one of the glasses
224,pf,Is there a pomegranate in the picture?,(a) Yes (b) No,(b),Generate multiple glasses filled with different types of fruit juice,Generate multiple glasses filled with different types of fruit juice and no pomegranate visibly seen
225,sh,Are all the cups and bottles in the picture the same height?,(a) Yes (b) No,(a),Generate glass juice bottles and cups with fruits surround it,Generate glass juice bottles and cups filled with juice of the same height with fruits
226,sh,Are all the cups and bottles in the picture the same height, (a) Yes (b) No, (b),Generate glass juice bottles and cups with fruits surrounding them,Generate glass juice bottles and cups filled with juice of the different heights with fruits surrounding them
227,pf,Does the person in the picture have something in their hand?,(a) Yes (b) No,(a),Generate an elderly couple walking down a boardwalk,Generate an elderly couple walking down a boardwalk holding waterbottles
228,pf,Does the person in the picture have something in their hand?,(a) Yes (b) No,(b),Generate an elderly couple walking across a path in a forest,Generate an elderly couple walking across a path in a forest in athletic clothes without anything in their hands
229,od,Do all the bottles in the picture face the same direction?,(a) Yes (b) No,(a),Generate glass bottles filled with smoothies sitting on a table,Generate glass bottles filled with smoothies and straws sitting on a table and facing the same direction
230,od,Do all the bottles in the picture face the same direction?,(a) Yes (b) No,(b),Generate glass bottles filled with smoothies laying on the table,Generate glass bottles filled with a smoothies laying on the table and all the bottles facing different directions
231,pr,"Are all easter eggs placed in a container (e.g nest, basket)?",(a) Yes (b) No,(a),Generate easter eggs in a container like a nest or a basket,Generate easter eggs in a container like a nest or a basket with all the eggs inside the container
232,pr,"Are all easter eggs placed in a container (e.g nest, basket)?",(a) Yes (b) No,(b),Generate easter eggs in a container like a nest or a basket,Generate easter eggs in a container like a nest or a basket with all the eggs inside the container except for a couple
233,ca,Is the sky in the background dark blue or light blue?,(a) Dark blue (b) Light blue,(a),Generate a mountainscape with a lake and greenery,Generate a mountainscape with a lake and greenery with a dark blue sky
234,ca,Is the sky in the background dark blue or light blue?,(a) Dark blue (b) Light blue,(b),Generate a mountainscape with a lake and greenery,Generate a mountainscape with a lake and greenery with a light blue sky
235,od,Do the individuals in the picture face the front or the back?,(a) Front (b) Back,(a),Generate an image of a family with 2 daughters on the beach,Generate an image of a family with 2 daughters on the beach with their faces in the front and shown
236,od,Do the individuals in the picture face the front or the back?,(a) Front (b) Back,(b),Generate an image of a family with 2 daughters on the beach,Generate an image of a family with 2 daughters on the beach with their faces in the back and not shown
237,ca,Is the ground completely covered by red fallen leaves?,(a) Yes (b) No,(a),Generate an image of a forest with green trees surrounding a path with red leaves,Generate an image of a forest with green trees surrounding a path with red leaves covering the entire ground
238,ca,Is the ground completely covered by red fallen leaves?,(a) Yes (b) No,(b),Generate an image of a forest with green trees surrounding a path with red leaves,Generate an image of a forest with green trees surrounding a path with red leaves with red leaves surrounding a clear gray path
239,pr,Are the leather shoes placed side by side or is one on top of the other?,(a) Side by side (b) One on top of the other,(a),Generate a pair of leather shoes on a table beside a few collared shirts,Generate a pair of leather shoes placed side by side on a table beside a few collared shirts
240,pr,Are the leather shoes placed side by side or is one on top of the other?,(a) Side by side (b) One on top of the other,(b),Generate a pair of leather shoes on a table beside a few collared shirts,Generate a pair of leather shoes placed on top of each other on a table beside a few collared shirts
241,vp,Is the photo taken directly above the coffee or from the side?,(a) Above (b) From the side,(a),Generate an image of a cup of coffee on a table in a glass, white mug,Generate an image of a cup of coffee on a table in a glass, white mug with the picture taken from above
242,vp,Is the photo taken directly above the coffee or from the side?,(a) Above (b) From the side,(b),Generate an image of a cup of coffee on a table in a glass, white mug,Generate an image of a cup of coffee on a table in a glass, white mug with the picture taken from the side
243,od,Is the rabbit in the image facing left or right?,(a) Left (b) Right,(a),Generate a rabbit beside several easter eggs in the grass,Generate a rabbit facing to the left beside several easter eggs in the grass
244,od,Is the rabbit in the image facing left or right?,(a) Left (b) Right,(b),Generate a rabbit beside several easter eggs in the grass,Generate a rabbit facing to the right beside several easter eggs in the grass
245,sc,Is the elderly person in the picture standing or sitting?,(a) Standing (b) Sitting,(a),Generate a woman helping an elderly woman move through a park,Generate a woman helping an elderly woman move through a park while the elderly woman is standing with a walker
246,sc,Is the elderly person in the picture standing or sitting?,(a) Standing (b) Sitting,(b),Generate a woman helping an elderly woman move through a park,Generate a woman helping an elderly woman move through a park while the elderly woman is sitting in a wheelchair
247,sh,Are there any fruits or vegetables in the heart-shaped part of the picture?,(a) Yes (b) No,(b),Generate an image with various fruits and vegetables arranged on a table in hearts,Generate an image with various fruits and vegetables arranged on a table in heart with the fruits and vegetables within the borders of the hearts
248,sh,Are there any fruits or vegetables in the heart-shaped part of the picture?,(a) Yes (b) No,(b),Generate an image with various fruits and vegetables arranged on a table in hearts,Generate an image with various fruits and vegetables arranged on a table in heart with the fruits and vegetables outside of the borders of the hearts
249,sh,Is the very top of the cake strawberries or cream?,(a) Strawberries (b) Cream,(a),Generate a 2-layered cake with white cream and strawberries,Generate a 2-layered cake with white cream and strawberries and the strawberries on the very top of the cake
250,sh,Is the very top of the cake strawberries or cream?,(a) Strawberries (b) Cream,(b),Generate a 2-layered cake with white cream and strawberries,Generate a 2-layered cake with white cream and strawberries with the white cream on the very top of the cake
251,sh,Is the beverage in the picture contained in a mug or a glass?,(a) Mug (b) Glass,(a),Generate a lemonade beverage in a container with mint leaves and a straw,Generate a lemonade beverage in a mug with mint leaves and a straw
252,sh,Is the beverage in the picture contained in a mug or a glass?,(a) Mug (b) Glass,(b),Generate a lemonade beverage in a container with mint leaves and a straw,Generate a lemonade beverage in a glass cup with mint leaves and a straw
253,pf,Is the design in the picture Santa Claus or a snowman?,(a) Santa Claus (b) Snowman,(a),Generate a zip-up or button sweater decorated with Christmas-themed designs,Generate a zip-up or button sweater decorated with a Santa Claus
254,pf,Is the design in the picture Santa Claus or a snowman?,(a) Santa Claus (b) Snowman,(b),Generate a zip-up or button sweater decorated with Christmas-themed designs,Generate a zip-up or button sweater decorated with a Snowman
255,pr,Are there cookies stacked on top of other cookies?,(a) Yes (b) No,(a),Generate an image of freshly-baked cookies on a cooling rack,Generate an image of freshly-baked cookies stacked on top of each other on a cooling 
256,pr,Are there cookies stacked on top of other cookies?,(a) Yes (b) No,(b),Generate an image of freshly-baked cookies on a cooling rack,Generate an image of freshly-baked cookies evenly spaced side by side on a cooling rack
257,pr,Is there a lemon inside the drink in the cup or are all the lemons outside the drink?,(a) There is one inside (b) All are outside,(a),Generate water in a glass with mint leaves and lemon slices,Generate water in a glass with mint leaves and lemon slices with all the lemons inside the glass
258,pr,Is there a lemon inside the drink in the cup or are all the lemons outside the drink?,(a) There is one inside (b) All are outside,(b),Generate water in a glass with mint leaves and lemon slices,Generate water  in a glass with mint leaves and lemon slices with all the lemons outside of the class
259,od,"In the picture, are the elderly people moving to the left or to the right?",(a) Left (b) Right,(a),Generate an image of two elderly people stretching their arms out,Generate an image of two elderly people stretching their arms out to the left side
260,od,"In the picture, are the elderly people moving to the left or to the right?",(a) Left (b) Right,(b),Generate an image of two elderly people stretching their arms out,Generate an image of two elderly people stretching their arms out to the right side
261,ca,Is the person in the picture sitting on a black or white chair?,(a) Black (b) White,(a),Generate an image of a group of people sitting in chairs in a circle having a conversation,Generate an image of a group of people sitting in black chairs in a circle having a conversation
262,ca,Is the person in the picture sitting on a black or white chair?,(a) Black (b) White,(b),Generate an image of a group of people sitting in chairs in a circle having a conversation,Generate an image of a group of people sitting in white chairs in a circle having a conversation
263,sc,Is it a slice of cake or a whole cake in the picture?,(a) Slice (b) Whole,(a),Generate a pumpkin pie on a plate,Generate a singular slice of pumpkin pie on a plate
264,sc,Is it a slice of cake or a whole cake in the picture?,(a) Slice (b) Whole,(b),Generate a pumpkin pie on a plate,Generate an entire, uncut pumpkin pie on a plate
265,sc,Is the shoe in the image tied or untied?,(a) Tied (b) Untied,(a),Generate a person wearing tennis shoes walking on pavement,Generate a person wearing tennis shoes with the laces tied walking on pavement 
266,sc,Is the shoe in the image tied or untied?,(a) Tied (b) Untied,(b),Generate a person wearing tennis shoes walking on pavement,Generate a person wearing tennis shoes with the laces untied walking on pavement
267,od,Is the child in the picture facing forward or in profile?,(a) Facing forward (b) In profile,(a),Generate an image of a child planting a tree in the grass with their dad,Generate an image of a child facing forward and planting a tree in the grass with their dad
268,od,Is the child in the picture facing forward or in profile?,(a) Facing forward (b) In profile,(b),Generate an image of a child planting a tree in the grass with their dad,Generate an image of a child from the side planting a tree in the grass with their dad
269,pf,Is the wall behind the bed empty or is there a painting hanging on it?,(a) Empty (b) A painting hanging on it,(a),Generate an image of a bedroom with a bed and dresser and fan,Generate an image of a bedroom with a bed and dresser and fan and a painting on the wall behind the bed
270,pf,Is the wall behind the bed empty or is there a painting hanging on it?,(a) Empty (b) A painting hanging on it,(b),Generate an image of a bedroom with a bed and dresser and fan,Generate an image of a bedroom with a bed and dresser and fan and no painting on the wall behind the bed
271,sh,Is the male in the picture wearing a shirt or a T-shirt?,(a) Shirt (b) T-shirt,(a),Generate an elderly couple walking on a path in a park,Generate an elderly couple walking on a path in a park with the man wearing a shirt
272,sh,Is the male in the picture wearing a shirt or a T-shirt?,(a) Shirt (b) T-shirt,(b),Generate an elderly couple walking on a path in a park,Generate an elderly couple walking on a path in a park with the man wearing a t-shirt and jeans
273,pf,What pattern is in the picture?,(a) Pumpkin Lights (b) Bats,(a),Generate a creepy halloween themed picture with silhouettes of trees,Generate a creepy halloween themed picture with silhouettes of trees and pumpkin lights 
274,pf,What pattern is in the picture?,(a) Pumpkin Lights (b) Bats,(b),Generate a creepy halloween themed picture with silhouettes of trees,Generate a creepy halloween themed picture with silhouettes of trees and bats
275,qc,How many trees are the treehouse built on?,(a) One (b) More than one,(a),,Generate a treehouse with wooden stairs or a ladder,Generate a treehouse built around a single tree with wooden stairs or a ladder
276,qc,How many trees are the treehouse built on?,(a) One (b) More than one,(b),Generate a treehouse with wooden stairs or a ladder,Generate a treehouse built on multiple trees with wooden stairs or a ladder
277,tx,What are all the letters in the image?,(a) SUGAR (b) UGA,(a),Generate a word written in sugar on a table surrounded by sweets,Generate the word “SUGAR” written in sugar on a table surrounded by sugary sweets
278,tx,What are all the letters in the image?,(a) SUGAR (b) UGA,(b),Generate a word written in sugar on a table surrounded by sweets,Generate the letters “UGA” written in sugar on a table surrounded by sugary sweets
279,sc,Is the elderly person standing or sitting in the picture?,(a) Standing (b) Sitting,(a),Generate an elderly person in a park holding a child,Generate an elderly person in a park sitting on a bench while holding a child
280,sc,Is the elderly person standing or sitting in the picture?,(a) Standing (b) Sitting,(b),Generate an elderly person in a park holding a child,Generate an elderly person standing up in a park holding a child
281,pf,Are there drinks on the table?,(a) Yes (b) No,(a),Generate a family with two kids sitting at the table eating a salad,Generate a family with two kids sitting on the table eating a salad with drinks on the table
282,pf,Are there drinks on the table?,(a) Yes (b) No,(b),Generate a family with two kids sitting at the table eating a salad,Generate a family with two kids sitting at the table eating a salad without any drinks on the table
283,sh,"In the image, is it a salmon fillet or a salmon steak?",(a) Salmon fillet (b) Salmon steak,(a),Generate an image of a piece of cooked salmon on a serving plate,Generate an image of a piece of salmon fillet on a serving plate 
284,sh,"In the image, is it a salmon fillet or a salmon steak?",(a) Salmon fillet (b) Salmon steak,(b),Generate an image of a piece of cooked salmon on a serving plate,Generate an image of a piece of salmon steak on a serving plate
285,pf,Do you see a yellow towel in the image?,(a) Yes (b) No,(a),Generate a towel on the floor next to weights and water and a fruit,Generate a yellow towel on the floor next to weights and water and a fruit
286,pf,Do you see a yellow towel in the image?,(a) Yes (b) No,(b),Generate a towel on the floor next to weights and water and a fruit,Generate a white towel on the floor next to weights and water and a fruit 
287,sc,Is the cup placed on a surface or being held by hand?,(a) Placed on a surface (b) Held by hand,(a),Generate a red mug outside in the winter,Generate a red mug placed on a surface outside in the winter
288,sc,Is the cup placed on a surface or being held by hand?,(a) Placed on a surface (b) Held by hand,(b),Generate a red mug outside in the winter,Generate a red mug held by hand outside in the winter
289,ca,Is the following statement correct: There are different colors of grapes in the image.,(a) Correct (b) Incorrect,(a),Generate grapes surrounded by other fruit on a table,Generate different colored grapes surrounded by other fruit on a table
290,ca,Is the following statement correct: There are different colors of grapes in the image.,(a) Correct (b) Incorrect,(b),Generate grapes surrounded by other fruit on a table,Generate grapes of all the same color surrounded by other fruit on a table
291,sc,Is the minion in the image smiling with its tongue out?,(a) Yes (b) No,(a),Generate an image of a minion smiling,Generate an image of a minion smiling with its tongue out
292,sc,Is the minion in the image smiling with its tongue out?,(a) Yes (b) No,(b),Generate an image of a minion smiling,Generate an image of a minion smiling without its tongue out
293,od,Is the sports car in the picture facing left or right?,(a) Left (b) Right,(a),Generate an orange sports car on display inside with the words “MILLER MOTORCARS” written behind it,Generate an orange sports car facing to the left on display inside with the words “MILLER MOTORCARS” written behind it
294,od,Is the sports car in the picture facing left or right?,(a) Left (b) Right,(b),Generate an orange sports car on display inside with the words “MILLER MOTORCARS” written behind it,Generate an orange sports car facing to the right on display inside with the words “MILLER MOTORCARS” written behind it
295,ca,Is the edge of the heart in the picture white or dark-colored?,(a) White (b) Dark-colored,(a),Generate a pattern of multiple hearts with a pink background,Generate a pattern of multiple hearts with a white outline and a pink background
296,ca,Is the edge of the heart in the picture white or dark-colored?,(a) White (b) Dark-colored,(b),Generate a pattern of multiple hearts with a pink background,Generate a pattern of multiple hearts with a dark-colored outline and a pink background
297,pf,Are there patterns on the easter eggs?,(a) Yes (b) No,(a),Generate several easter eggs with different colors,Generate several easter eggs with different colors and decorative patterns on the shell
298,pf,Are there patterns on the easter eggs?,(a) Yes (b) No,(b),Generate several easter eggs with different colors,Generate several easter eggs with different colors and no patterns or designs on the shell
299,sc,How would you describe the background of the image?,(a) Light shining through the clouds from the upper right corner (b) Most of the background is dark and cloudy,(a),Generate an image of the background of a city with a skyline,Generate an image of the background of a city with a skyline and light shining through the clouds from the upper right corner
300,sc,How would you describe the background of the image?,(a) Light shining through the clouds from the upper right corner (b) Most of the background is dark and cloudy,(b),Generate an image of the background of a city with a skyline,Generate an image of the background of a city with a skyline and most of background dark and cloudy


